Keyword, Search Volume, CPC, Paid Difficulty, Search Difficulty
aseo oficinas part time lunes a viernes,30,459450.42686310684,73,27
aseo nocturno oficinas,10,383715.02500965446,52,29
empleo de aseo de oficinas,10,174021.92179190056,80,29
trabajos de aseo en oficinas medio tiempo en region metropolitana,10,34644.66265050316,62,24
aseo de oficinas,140,872.8905488385761,89,40
aseo oficina medio tiempo,40,558.39372600781,64,25
aseo de oficinas por horas,20,514.2540941836997,90,32
aseo de oficinas de lunes a viernes,40,509.35643182765665,87,32
aseo oficinas antofagasta,20,476.15297045899,77,37
aseo oficinas puente alto,30,395.3812227855433,52,21
aseo de oficinas por dias,170,394.43029732273664,92,33
aseo oficinas fines de semana,50,357.77652277823756,85,31
aseo oficinas concepcion,40,135.91441793401,80,37
trabajos de aseo en oficinas medio tiempo,210,85.79577400715088,77,29
trabajos de aseo en oficinas valparaiso,50,80.59107601059263,65,25
trabajo aseo de oficinas santiago,20,52.101271150967996,77,29
aseo capital oficinas,10, ,1,13
aseo de oficinas guadalajara, , ,1,4
aseo de oficinas personal de limpieza guadalajara guadalajara jal,10, ,1,5
aseo de oficinas.com, , ,1,12
aseo oficinas de lunes a viernes,10, ,1,5
bitacora de aseo de oficinas, , ,1,4
limpieza y aseo de oficinas,10, ,1,5
oficinas de aseo publico zapopan, , ,1,4
servicio de aseo a oficinas,10, ,1,5
servicio de aseo oficinas bogota,10, ,1,5
servicios de aseo a oficinas administrativas muebles y equipos, , ,1,4
trabajo en aseo de oficinas de lunes a viernes,10, ,90,33
